{"timestamps": [1474850254.618027, 1474850255.315884, 1474850255.443283, 1474850255.559484, 1474850255.637725, 1474850255.732084, 1474850255.867717, 1474850255.960687, 1474850256.408195, 1474850256.526619, 1474850256.589592, 1474850256.654118, 1474850256.782312, 1474850256.853268, 1474850256.914328, 1474850257.051193, 1474850257.113019, 1474850257.176073, 1474850257.241185, 1474850257.314947], "initial_reset_timestamp": 1474850253.273773, "episode_types": ["t", "t", "t", "t", "t", "t", "t", "t", "t", "t", "t", "t", "t", "t", "t", "t", "t", "t", "t", "t"], "episode_lengths": [53, 37, 22, 42, 30, 36, 49, 34, 25, 24, 23, 24, 47, 27, 22, 50, 23, 22, 24, 28], "episode_rewards": [53.0, 37.0, 22.0, 42.0, 30.0, 36.0, 49.0, 34.0, 25.0, 24.0, 23.0, 24.0, 47.0, 27.0, 22.0, 50.0, 23.0, 22.0, 24.0, 28.0]}