{"timestamps": [1474844936.704645, 1474844936.996879, 1474844937.089345, 1474844937.116, 1474844937.181219, 1474844937.249854, 1474844937.294294, 1474844937.317764, 1474844937.61383, 1474844937.695496, 1474844937.794509, 1474844937.847686, 1474844937.928643, 1474844937.951438, 1474844937.997376, 1474844938.063497, 1474844938.104411, 1474844938.149271, 1474844938.234953, 1474844938.279303], "initial_reset_timestamp": 1474844935.42545, "episode_types": ["t", "t", "t", "t", "t", "t", "t", "t", "t", "t", "t", "t", "t", "t", "t", "t", "t", "t", "t", "t"], "episode_lengths": [12, 11, 21, 10, 25, 26, 17, 10, 14, 16, 37, 20, 31, 10, 17, 26, 17, 16, 34, 17], "episode_rewards": [12.0, 11.0, 21.0, 10.0, 25.0, 26.0, 17.0, 10.0, 14.0, 16.0, 37.0, 20.0, 31.0, 10.0, 17.0, 26.0, 17.0, 16.0, 34.0, 17.0]}